{"bfs": 0.8309526430380494, "hist": 0.6492686067946849, "hotspot": 0.751307728666275, "stereodisparity": 0.9513826879065581, "mmul2": 0.7969022280043685, "dxtc": 0.9242499629156722, "hist2": 0.37495584110905933, "mmul": 0.7209803015653325}