{"bfs": 0.5051962228350231, "hist": 0.5551058403051359, "hotspot": 0.9809134387070451, "stereodisparity": 0.8985197183122922, "mmul2": 0.7795955936229926, "dxtc": 0.47525818269848963, "hist2": 0.8498958999904062, "mmul": 0.9555151035286155}