{"bfs": 0.3377878959946994, "hist": 0.7005021329396328, "hotspot": 0.9099616455011414, "stereodisparity": 0.6472663007166228, "mmul2": 0.9260321107860037, "dxtc": 0.9676248313396478, "hist2": 0.5554145629295063, "mmul": 0.9554105197927457}