{"bfs": 0.6627411336318509, "hist": 0.9943751521614512, "hotspot": 0.23045402506333268, "stereodisparity": 0.8793750522035917, "mmul2": 0.9970142266792927, "dxtc": 0.6002844625370445, "hist2": 0.9723657560898542, "mmul": 0.663390191633582}