{"bfs": 0.898097463935275, "hist": 0.6149547671362177, "hotspot": 0.9649550155692053, "stereodisparity": 0.4824957170771098, "mmul2": 0.8960019238524781, "dxtc": 0.8420948065729048, "hist2": 0.41306681746247687, "mmul": 0.8883334883943325}